
Building,Condominio,Unidad,OP
Edificio Home Inclusive Ejército,Home Inclusive Ejército,109,EJTD109
Edificio Home Inclusive Ejército,Home Inclusive Ejército,305,EJTD305
Edificio Home Inclusive Ejército,Home Inclusive Ejército,309,EJTD309
Edificio Home Inclusive Ejército,Home Inclusive Ejército,417,EJTD417
Edificio Home Inclusive Ejército,Home Inclusive Ejército,419,EJTD419
Edificio FAM Huemul,FAM Huemul,103,FRKD103
Edificio FAM Huemul,FAM Huemul,111,FRKD111
Edificio FAM Huemul,FAM Huemul,112,FRKD112
Edificio FAM Huemul,FAM Huemul,118,FRKD118
Edificio FAM Huemul,FAM Huemul,120,FRKD120
Edificio FAM Huemul,FAM Huemul,121,FRKD121
Edificio FAM Huemul,FAM Huemul,206,FRKD206
Edificio FAM Huemul,FAM Huemul,305,FRKD305
Edificio FAM Huemul,FAM Huemul,326,FRKD326
Edificio FAM Huemul,FAM Huemul,345,FRKD345
Edificio FAM Huemul,FAM Huemul,425,FRKD425
Edificio FAM Huemul,FAM Huemul,426,FRKD426
Edificio FAM Huemul,FAM Huemul,429,FRKD429
Edificio FAM Huemul,FAM Huemul,431,FRKD431
Edificio FAM Huemul,FAM Huemul,446,FRKD446
Edificio FAM Huemul,FAM Huemul,506,FRKD506
Edificio FAM Huemul,FAM Huemul,508,FRKD508
Edificio FAM Huemul,FAM Huemul,526,FRKD526
Edificio FAM Huemul,FAM Huemul,546,FRKD546
Edificio FAM Huemul,FAM Huemul,219,FRKD219
Edificio FAM Huemul,FAM Huemul,220,FRKD220
Edificio FAM Huemul,FAM Huemul,314,FRKD314
Edificio FAM Huemul,FAM Huemul,410,FRKD410
Edificio FAM Huemul,FAM Huemul,422,FRKD422
Edificio FAM Huemul,FAM Huemul,516,FRKD516
Edificio Home Inclusive Ecuador,Home Inclusive Ecuador,207,ECRD207
Edificio Home Inclusive Ecuador,Home Inclusive Ecuador,214,ECRD214
Edificio Home Inclusive Ecuador,Home Inclusive Ecuador,215,ECRD215
Edificio Home Inclusive Ecuador,Home Inclusive Ecuador,216,ECRD216
Edificio Home Inclusive Ecuador,Home Inclusive Ecuador,217,ECRD217
Edificio Home Inclusive Ecuador,Home Inclusive Ecuador,322,ECRD322
Edificio Home Inclusive Ecuador,Home Inclusive Ecuador,1116,ECRD1116
Edificio Home Inclusive Ecuador,Home Inclusive Ecuador,902,ECRD902
Edificio Home Inclusive Ecuador,Home Inclusive Ecuador,1203,ECRD1203
Edificio Home Inclusive Ecuador,Home Inclusive Ecuador,1213,ECRD1213
Edificio Home Inclusive Ecuador,Home Inclusive Ecuador,325,ECRC325
Edificio Home Inclusive Ecuador,Home Inclusive Ecuador,725,ECRC725
Edificio Move,Concepto Move,1106-B,SYG938
Edificio Move,Concepto Move,1808-B,43508
Edificio Move,Move,218,63390
Edificio Move,Move,506,63399
Edificio Move,Move,510,63401
Edificio Move,Move,1306,63410
Edificio Move,Move,1401,63412
Edificio Move,Move,1406,70961
Edificio Move,Move,1413,70962
Edificio Move,Move,1113,70968
Edificio Move,Move,611,71005
Edificio Move,Move,308,71006
Edificio Move,Move,418,71129
Edificio Move,Move,718,71137
Edificio Move,Move,801,71138
Edificio Move,Move,911,71143
Edificio Move,Move,1101,71147
Edificio Move,Move,1110,71148
Edificio Move,Move,1013,71454
Edificio Move,Move,909,71557
Edificio Move,Move,1307,63411
Edificio Move,Move,512,71130
Edificio Move,Move,907,71142
Edificio Move,Move,216,64144
Edificio Move,Move,205,71124
Edificio Move,Move,515,71131
Edificio Move,Move,702,71134
Edificio Move,Move,715,71135
Edificio Move,Move,1015,71146
Edificio Move,Move,1205,71149
Edificio Altavista,Altavista IV,907-A,PAT655
Edificio Altavista,Edificio Altavista,101,RIQD101
Edificio Altavista,Edificio Altavista,207,RIQD207
Edificio Altavista,Edificio Altavista,210,RIQD210
Edificio Altavista,Edificio Altavista,311-A,RIQD311-A
Edificio Altavista,Edificio Altavista,403-B,RIQD403-B
Edificio Altavista,Edificio Altavista,703-B,RIQD703-B
Edificio Altavista,Edificio Altavista,309-B,RIQD309-B
Edificio Lia Aguirre,Lia Aguirre,515,LIAD515
Edificio Lia Aguirre,Lia Aguirre,711,LIAD711
Edificio Lia Aguirre,Lia Aguirre 95 - Retail,1002,54021
Edificio Lia Aguirre,Lia Aguirre 95 - Retail,901,54024
Edificio Lia Aguirre,Plaza Lia Aguirre 384,411,70271
Edificio Lia Aguirre,Plaza Lia Aguirre 384,711,70273
Edificio Lia Aguirre,Plaza Lia Aguirre 384,706,70373
Edificio Lia Aguirre,Plaza Lia Aguirre 384,512,70531
Edificio Lia Aguirre,Plaza Lia Aguirre 384,2005,70615
Edificio Lia Aguirre,Plaza Lia Aguirre 384,2105,70616
Edificio Lia Aguirre,Plaza Lia Aguirre 384,2205,70617
Edificio Lia Aguirre,Plaza Lia Aguirre 384,2310,70612
Edificio Lia Aguirre,Plaza Lia Aguirre 384,1910,70618
Edificio Lia Aguirre,Lia Aguirre,,LIAD1415
Edificio Lia Aguirre,Lia Aguirre,403,LIAD403
Edificio Morandé Sur,Morande Sur,403,MRSD403
Edificio Morandé Sur,Morande Sur,708,MRSD708
Edificio Morandé Sur,Morande Sur,1509,MRSD1509
Edificio Morandé Sur,Morande Sur,410,MRSD410
Edificio Morandé Sur,Morande Sur,901,MRSD901
Edificio Morandé Sur,Morande Sur,,MRSD1413
Edificio Alto Conde,Alto Conde,2022,ACND2022
Edificio Alto Conde,Alto Conde,2121,ACND2121
Edificio Alto Conde,Alto Conde,2324,ACND2324
Edificio Alto Conde,Alto Conde,1416,ACND1416
Edificio Alto Conde,Alto Conde,1814,ACND1814
Edificio Alto Conde,Alto Conde,2615,ACND2615
Edificio Alto Conde,Alto Conde,1222,ACND1222
Edificio Alto Conde,Alto Conde,1324,ACND1324
Edificio Alto Conde,Alto Conde,1621,ACND1621
Edificio Alto Conde,Alto Conde,2216,ACND2216
Edificio Alto Conde,Alto Conde,1514,ACND1514
Edificio Alto Conde,Alto Conde,1721,ACND1721
Edificio Alto Conde,Alto Conde,1616,ACND1616
Edificio Alto Conde,Alto Conde,3121,ACND3121
Edificio Alto Conde,Alto Conde,1216,ACND1216
Edificio Alto Conde,Alto Conde,1923,ACND1923
Edificio Alto Conde,Alto Conde,2723,ACND2723
Edificio Alto Conde,Alto Conde,2714,ACND2714
Edificio Alto Conde,Alto Conde,1902,ACND1902
Edificio Alto Conde,Alto Conde,2115,ACND2115
Edificio Alto Conde,Alto Conde,1806,ACND1806
Edificio Alto Conde,Alto Conde,2211,ACND2211
Edificio Alto Conde,Alto Conde,2524,ACND2524
Edificio Alto Conde,Alto Conde,1911,ACND1911
Edificio Alto Conde,Alto Conde,712,ACND712
Edificio Alto Conde,Alto Conde,3202,ACND3202
Edificio Alto Conde,Alto Conde,906,ACND906
Edificio Alto Conde,Alto Conde,1502,ACND1502
Edificio Alto Conde,Alto Conde,1605,ACND1605
Edificio Alto Conde,Alto Conde,2523,ACND2523
Edificio Alto Conde,Alto Conde,2223,ACND2223
Edificio Alto Conde,Alto Conde,2612,ACND2612
Edificio Alto Conde,Alto Conde,723,ACND723
Edificio Alto Conde,Alto Conde,2423,ACND2423
Edificio Alto Conde,Alto Conde,1522,ACND1522
Edificio Alto Conde,Alto Conde,3123,ACND3123
Edificio Alto Conde,Alto Conde,905,ACND905
Edificio Alto Conde,Alto Conde,1916,ACND1916
Edificio Alto Conde,Alto Conde,2614,ACND2614
Edificio Alto Conde,Alto Conde,1816,ACND1816
Edificio Alto Conde,Alto Conde,3107,ACND3107
Edificio Alto Conde,Alto Conde,3421,ACND3421
Edificio Alto Conde,Alto Conde,3623,ACND3623
Edificio Alto Conde,Alto Conde,411,ACND411
Edificio Alto Conde,Alto Conde,1807,ACND1807
Edificio Alto Conde,Alto Conde,1907,ACND1907
Edificio Alto Conde,Alto Conde,2812,ACND2812
Edificio Alto Conde,Alto Conde,2912,ACND2912
Edificio Alto Conde,Alto Conde,2923,ACND2923
Edificio Alto Conde,Alto Conde,3011,ACND3011
Edificio Alto Conde,Alto Conde,3014,ACND3014
Edificio Alto Conde,Alto Conde,3022,ACND3022
Edificio Alto Conde,Alto Conde,2021,ACND2021
Edificio Alto Conde,Alto Conde,2824,ACND2824
Edificio Alto Conde,Alto Conde,2504,ACND2504
Edificio Alto Conde,Alto Conde,1811,ACND1811
Edificio Alto Conde,Alto Conde,815,ACND815
Edificio Alto Conde,Alto Conde,3006,ACND3006
Edificio Alto Conde,Alto Conde,3302,ACND3302
Edificio Alto Conde,Alto Conde,1504,ACND1504
Edificio Alto Conde,Alto Conde,3322,ACND3322
Edificio Alto Conde,Alto Conde,1224,ACND1224
Edificio Alto Conde,Alto Conde,1306,ACND1306
Edificio Alto Conde,Alto Conde,3021,ACND3021
Edificio Alto Conde,Alto Conde,1906,ACND1906
Edificio Alto Conde,Alto Conde,1511,ACND1511
Edificio Alto Conde,Alto Conde,2707,ACND2707
Edificio Alto Conde,Alto Conde,2002,ACND2002
Edificio Alto Conde,Alto Conde,2307,ACND2307
Edificio Alto Conde,Alto Conde,3205,ACND3205
Edificio Alto Conde,Alto Conde,805,ACND805
Edificio Alto Conde,Alto Conde,2123,ACND2123
Edificio Alto Conde,Alto Conde,2212,ACND2212
Edificio Alto Conde,Alto Conde,2304,ACND2304
Edificio Alto Conde,Alto Conde,2311,ACND2311
Edificio Alto Conde,Alto Conde,2314,ACND2314
Edificio Alto Conde,Alto Conde,2904,ACND2904
Edificio Alto Conde,Alto Conde,2511,ACND2511
Edificio Alto Conde,Alto Conde,2602,ACND2602
Edificio Alto Conde,Alto Conde,2611,ACND2611
Edificio Alto Conde,Alto Conde,2702,ACND2702
Edificio Alto Conde,Alto Conde,2715,ACND2715
Edificio Alto Conde,Alto Conde,2721,ACND2721
Edificio Alto Conde,Alto Conde,2805,ACND2805
Edificio Alto Conde,Alto Conde,2914,ACND2914
Edificio Alto Conde,Alto Conde,3223,ACND3223
Edificio Alto Conde,Alto Conde,3323,ACND3323
Edificio Alto Conde,Alto Conde,3614,ACND3614
Edificio Alto Conde,Alto Conde,3615,ACND3615
Edificio Alto Conde,Alto Conde,2509,ACND2509
Edificio Alto Conde,Alto Conde,913,ACND913
Edificio Alto Conde,Alto Conde,1901,ACND1901
Edificio Plaza Conde del Maule,Plaza Conde del Maule,802,CDMD802
Edificio Plaza Conde del Maule,Plaza Conde del Maule,1311-A,CDMD1311-A
Edificio Plaza Conde del Maule,Plaza Conde del Maule,1711-A,CDMD1711-A
Edificio Plaza Conde del Maule,Plaza Conde del Maule,1712-A,CDMD1712-A
Edificio Plaza Conde del Maule,Plaza Conde del Maule,1811-A,CDMD1811-A
Edificio Plaza Conde del Maule,Plaza Conde del Maule,2002,CDMD2002
Edificio Plaza Conde del Maule,Plaza Conde del Maule,2412-A,CDMD2412-A
Edificio Plaza Conde del Maule,Plaza Conde del Maule,2611-A,CDMD2611-A
Edificio Plaza Conde del Maule,Plaza Conde del Maule,1303,CDMD1303
Edificio Plaza Conde del Maule,Plaza Conde del Maule,2004,CDMD2004
Edificio Plaza Conde del Maule,Plaza Conde del Maule,2009,CDMD2009
Edificio Plaza Conde del Maule,Plaza Conde del Maule,2509,CDMD2509
Edificio Plaza Conde del Maule,Plaza Conde del Maule,2105,CDMD2105
Edificio Plaza Conde del Maule,Plaza Conde del Maule,312-B,CDMD312-B
Edificio Plaza Conde del Maule,Plaza Conde del Maule,511-B,CDMD511-B
Edificio Plaza Conde del Maule,Plaza Conde del Maule,612-B,CDMD612-B
Edificio Plaza Conde del Maule,Plaza Conde del Maule,1207,CDMD1207
Edificio Plaza Conde del Maule,Plaza Conde del Maule,1611-B,CDMD1611-B
Edificio Plaza Conde del Maule,Plaza Conde del Maule,1712-B,CDMD1712-B
Edificio Plaza Conde del Maule,Plaza Conde del Maule,1812-B,CDMD1812-B
Edificio Plaza Conde del Maule,Plaza Conde del Maule,2407,CDMD2407
Edificio Plaza Conde del Maule,Plaza Conde del Maule,2412-B,CDMD2412-B
Edificio Plaza Conde del Maule,Plaza Conde del Maule,2611-B,CDMD2611-B
Edificio Plaza Conde del Maule,Plaza Conde del Maule,2612-B,CDMD2612-B
Edificio Activa Bezanilla,Activa Bezanilla,603,BEZD603
Edificio Activa Bezanilla,Activa Bezanilla,1002,BEZD1002
Edificio Activa Bezanilla,Activa Bezanilla,311,BEZD311
Edificio Activa Bezanilla,Activa Bezanilla,810,BEZD810
Edificio Activa Bezanilla,Activa Bezanilla,811,BEZD811
Edificio Activa Cerro Blanco,Activa Cerro Blanco,206,CBLD206
Edificio Activa Cerro Blanco,Activa Cerro Blanco,207,CBLD207
Edificio Activa Cerro Blanco,Activa Cerro Blanco,208,CBLD208
Edificio Activa Cerro Blanco,Activa Cerro Blanco,209,CBLD209
Edificio Activa Cerro Blanco,Activa Cerro Blanco,306,CBLD306
Edificio Activa Cerro Blanco,Activa Cerro Blanco,307,CBLD307
Edificio Activa Cerro Blanco,Activa Cerro Blanco,308,CBLD308
Edificio Activa Cerro Blanco,Activa Cerro Blanco,309,CBLD309
Edificio Activa Cerro Blanco,Activa Cerro Blanco,406,CBLD406
Edificio Activa Cerro Blanco,Activa Cerro Blanco,407,CBLD407
Edificio Activa Cerro Blanco,Activa Cerro Blanco,408,CBLD408
Edificio Activa Cerro Blanco,Activa Cerro Blanco,409,CBLD409
Edificio Activa Cerro Blanco,Activa Cerro Blanco,512,CBLD512
Edificio Activa Cerro Blanco,Activa Cerro Blanco,606,CBLD606
Edificio Activa Cerro Blanco,Activa Cerro Blanco,609,CBLD609
Edificio Activa Cerro Blanco,Activa Cerro Blanco,706,CBLD706
Edificio Activa Cerro Blanco,Activa Cerro Blanco,709,CBLD709
Edificio Activa Cerro Blanco,Activa Cerro Blanco,809,CBLD809
Edificio Activa Cerro Blanco,Activa Cerro Blanco,908,CBLD908
Edificio Activa Cerro Blanco,Activa Cerro Blanco,1006,CBLD1006
Edificio Activa Cerro Blanco,Activa Cerro Blanco,1007,CBLD1007
Edificio Activa Cerro Blanco,Activa Cerro Blanco,1009,CBLD1009
Edificio Activa Cerro Blanco,Activa Cerro Blanco,1106,CBLD1106
Edificio Activa Cerro Blanco,Activa Cerro Blanco,1107,CBLD1107
Edificio Activa Cerro Blanco,Activa Cerro Blanco,1108,CBLD1108
Edificio Activa Cerro Blanco,Activa Cerro Blanco,1109,CBLD1109
Edificio Activa Cerro Blanco,Activa Cerro Blanco,1306,CBLD1306
Edificio Activa Cerro Blanco,Activa Cerro Blanco,1309,CBLD1309
Edificio Activa Cerro Blanco,Activa Cerro Blanco,1407,CBLD1407
Edificio Activa Cerro Blanco,Activa Cerro Blanco,1408,CBLD1408
Edificio Activa Cerro Blanco,Activa Cerro Blanco,1506,CBLD1506
Edificio Activa Cerro Blanco,Activa Cerro Blanco,201,CBLD201
Edificio Activa Cerro Blanco,Activa Cerro Blanco,202,CBLD202
Edificio Activa Cerro Blanco,Activa Cerro Blanco,204,CBLD204
Edificio Activa Cerro Blanco,Activa Cerro Blanco,205,CBLD205
Edificio Activa Cerro Blanco,Activa Cerro Blanco,301,CBLD301
Edificio Activa Cerro Blanco,Activa Cerro Blanco,401,CBLD401
Edificio Activa Cerro Blanco,Activa Cerro Blanco,402,CBLD402
Edificio Activa Cerro Blanco,Activa Cerro Blanco,602,CBLD602
Edificio Activa Cerro Blanco,Activa Cerro Blanco,702,CBLD702
Edificio Activa Cerro Blanco,Activa Cerro Blanco,801,CBLD801
Edificio Activa Cerro Blanco,Activa Cerro Blanco,1001,CBLD1001
Edificio Activa Cerro Blanco,Activa Cerro Blanco,1101,CBLD1101
Edificio Activa Cerro Blanco,Activa Cerro Blanco,1102,CBLD1102
Edificio Activa Cerro Blanco,Activa Cerro Blanco,1202,CBLD1202
Edificio Activa Cerro Blanco,Activa Cerro Blanco,1301,CBLD1301
Edificio Activa Cerro Blanco,Activa Cerro Blanco,1302,CBLD1302
Edificio Activa Cerro Blanco,Activa Cerro Blanco,811,CBLD811
Edificio Carrión,Espacio Carrion,2009-A,8141
Edificio Carrión,Carrión,,39000
Edificio Carrión,Carrión,402-A,48132
Edificio Carrión,Espacio Carrion,509-A,70960
Edificio Carrión,Carrión,,33238
Edificio Carrión,Carrión,1715-A,38190
Edificio Carrión,Carrión,1720-B,43827
Edificio Carrión,Carrión,1730-B,43829
Edificio Carrión,Carrión,2421-B,55685
Edificio Carrión,Carrión,2406-A,71448
Edificio Carrión,Carrión,1011-A,29493
Edificio Carrión,Carrión,,39051
Edificio Carrión,Carrión,2312-A,46653
Edificio Carrión,Espacio Carrion,1711-B,10364
Edificio Carrión,Espacio Carrion,2010-A,10786
Edificio Carrión,Espacio Carrion,914-B,47733
Edificio Portugal,Cumbres de Portugal,1719,487
Edificio Portugal,Nuevo Portugal II,801-B,12866
Edificio Portugal,Nuevo Portugal,1804-A,19320
Edificio Portugal,Nuevo Portugal,1805-A,19321
Edificio Portugal,Nuevo Portugal,305-A,SYG579
Edificio Portugal,Portugal,306,PORD306
Edificio Portugal,Portugal,607,PORD607
Edificio Portugal,CBS Portugal,508,45459
Edificio Portugal,Portugal,102,PORD102
Edificio Portugal,Portugal,109,PORD109
Edificio Portugal,Portugal,214,PORD214
Edificio Portugal,Portugal,302,PORD302
Edificio Portugal,Portugal,521,PORD521
Edificio Portugal,Portugal,611,PORD611
Edificio Portugal,Portugal,903,PORD903
Edificio Portugal,Portugal,103,PORD103
Edificio Portugal,Portugal,704,PORD704
Edificio Portugal,Portugal,833,PORD833
Edificio Concon,Concon,101,CCND101
Edificio Concon,Concon,205,CCND205
Edificio Concon,Concon,206,CCND206
Edificio Concon,Concon,707,CCND707
Edificio Concon,Concon,904,CCND904
Edificio Concon,Concon,1407,CCND1407
Edificio Concon,Concon,1605,CCND1605
Edificio Concon,Concon,1905,CCND1905
Edificio Concon,Concon,211,CCND211
Edificio Concon,Concon,411,CCND411
Edificio Concon,Concon,1110,CCND1110
Edificio Concon,Concon,1210,CCND1210
Edificio Concon,Concon,1512,CCND1512
Edificio Concon,Concon,1612,CCND1612
Edificio Concon,Concon,413,CCND413
Edificio Concon,Concon,609,CCND609
Edificio Concon,Concon,903,CCND903
Edificio Concon,Concon,1213,CCND1213
Edificio Concon,Concon,1309,CCND1309
Edificio Concon,Concon,1609,CCND1609
Edificio Concon,Concon,1909,CCND1909
Edificio Concon,Concon,2213,CCND2213
Edificio Concon,Concon,1501,CCND1501
Edificio Concon,Concon,1814,CCND1814
Edificio Alvarez Toledo,Alvarez Toledo,1407,ALTD1407
Edificio Alvarez Toledo,Alvarez Toledo,1607,ALTD1607
Edificio Alvarez Toledo,Alvarez Toledo,501,ALTD501
Edificio Alvarez Toledo,Alvarez Toledo,701,ALTD701
Edificio Alvarez Toledo,Alvarez Toledo,906,ALTD906
Edificio Alvarez Toledo,Alvarez Toledo,1109,ALTD1109
Edificio Vespucio Capital,Vespucio Capital,203,VECD203
Edificio Vespucio Capital,Vespucio Capital,205,VECD205
Edificio Vespucio Capital,Vespucio Capital,206,VECD206
Edificio Vespucio Capital,Vespucio Capital,207,VECD207
Edificio Vespucio Capital,Vespucio Capital,208,VECD208
Edificio Vespucio Capital,Vespucio Capital,209,VECD209
Edificio Vespucio Capital,Vespucio Capital,210,VECD210
Edificio Vespucio Capital,Vespucio Capital,211,VECD211
Edificio Vespucio Capital,Vespucio Capital,212,VECD212
Edificio Vespucio Capital,Vespucio Capital,213,VECD213
Edificio Vespucio Capital,Vespucio Capital,214,VECD214
Edificio Vespucio Capital,Vespucio Capital,216,VECD216
Edificio Vespucio Capital,Vespucio Capital,217,VECD217
Edificio Vespucio Capital,Vespucio Capital,218,VECD218
Edificio Vespucio Capital,Vespucio Capital,220,VECD220
Edificio Vespucio Capital,Vespucio Capital,222,VECD222
Edificio Vespucio Capital,Vespucio Capital,227,VECD227
Edificio Vespucio Capital,Vespucio Capital,303,VECD303
Edificio Vespucio Capital,Vespucio Capital,306,VECD306
Edificio Vespucio Capital,Vespucio Capital,307,VECD307
Edificio Vespucio Capital,Vespucio Capital,308,VECD308
Edificio Vespucio Capital,Vespucio Capital,309,VECD309
Edificio Vespucio Capital,Vespucio Capital,310,VECD310
Edificio Vespucio Capital,Vespucio Capital,311,VECD311
Edificio Vespucio Capital,Vespucio Capital,312,VECD312
Edificio Vespucio Capital,Vespucio Capital,313,VECD313
Edificio Vespucio Capital,Vespucio Capital,314,VECD314
Edificio Vespucio Capital,Vespucio Capital,315,VECD315
Edificio Vespucio Capital,Vespucio Capital,316,VECD316
Edificio Vespucio Capital,Vespucio Capital,317,VECD317
Edificio Vespucio Capital,Vespucio Capital,318,VECD318
Edificio Vespucio Capital,Vespucio Capital,319,VECD319
Edificio Vespucio Capital,Vespucio Capital,320,VECD320
Edificio Vespucio Capital,Vespucio Capital,327,VECD327
Edificio Vespucio Capital,Vespucio Capital,403,VECD403
Edificio Vespucio Capital,Vespucio Capital,407,VECD407
Edificio Vespucio Capital,Vespucio Capital,409,VECD409
Edificio Vespucio Capital,Vespucio Capital,410,VECD410
Edificio Vespucio Capital,Vespucio Capital,411,VECD411
Edificio Vespucio Capital,Vespucio Capital,412,VECD412
Edificio Vespucio Capital,Vespucio Capital,413,VECD413
Edificio Vespucio Capital,Vespucio Capital,414,VECD414
Edificio Vespucio Capital,Vespucio Capital,415,VECD415
Edificio Vespucio Capital,Vespucio Capital,416,VECD416
Edificio Vespucio Capital,Vespucio Capital,417,VECD417
Edificio Vespucio Capital,Vespucio Capital,419,VECD419
Edificio Vespucio Capital,Vespucio Capital,420,VECD420
Edificio Vespucio Capital,Vespucio Capital,422,VECD422
Edificio Vespucio Capital,Vespucio Capital,506,VECD506
Edificio Vespucio Capital,Vespucio Capital,507,VECD507
Edificio Vespucio Capital,Vespucio Capital,508,VECD508
Edificio Vespucio Capital,Vespucio Capital,509,VECD509
Edificio Vespucio Capital,Vespucio Capital,510,VECD510
Edificio Vespucio Capital,Vespucio Capital,511,VECD511
Edificio Vespucio Capital,Vespucio Capital,512,VECD512
Edificio Vespucio Capital,Vespucio Capital,513,VECD513
Edificio Vespucio Capital,Vespucio Capital,515,VECD515
Edificio Vespucio Capital,Vespucio Capital,516,VECD516
Edificio Vespucio Capital,Vespucio Capital,517,VECD517
Edificio Vespucio Capital,Vespucio Capital,519,VECD519
Edificio Vespucio Capital,Vespucio Capital,520,VECD520
Edificio Vespucio Capital,Vespucio Capital,522,VECD522
Edificio Vespucio Capital,Vespucio Capital,606,VECD606
Edificio Vespucio Capital,Vespucio Capital,607,VECD607
Edificio Vespucio Capital,Vespucio Capital,608,VECD608
Edificio Vespucio Capital,Vespucio Capital,609,VECD609
Edificio Vespucio Capital,Vespucio Capital,610,VECD610
Edificio Vespucio Capital,Vespucio Capital,611,VECD611
Edificio Vespucio Capital,Vespucio Capital,613,VECD613
Edificio Vespucio Capital,Vespucio Capital,616,VECD616
Edificio Vespucio Capital,Vespucio Capital,619,VECD619
Edificio Vespucio Capital,Vespucio Capital,620,VECD620
Edificio Vespucio Capital,Vespucio Capital,806,VECD806
Edificio Vespucio Capital,Vespucio Capital,807,VECD807
Edificio Vespucio Capital,Vespucio Capital,808,VECD808
Edificio Vespucio Capital,Vespucio Capital,809,VECD809
Edificio Vespucio Capital,Vespucio Capital,810,VECD810
Edificio Vespucio Capital,Vespucio Capital,811,VECD811
Edificio Vespucio Capital,Vespucio Capital,812,VECD812
Edificio Vespucio Capital,Vespucio Capital,813,VECD813
Edificio Vespucio Capital,Vespucio Capital,816,VECD816
Edificio Vespucio Capital,Vespucio Capital,817,VECD817
Edificio Vespucio Capital,Vespucio Capital,907,VECD907
Edificio Vespucio Capital,Vespucio Capital,908,VECD908
Edificio Vespucio Capital,Vespucio Capital,909,VECD909
Edificio Vespucio Capital,Vespucio Capital,910,VECD910
Edificio Vespucio Capital,Vespucio Capital,911,VECD911
Edificio Vespucio Capital,Vespucio Capital,912,VECD912
Edificio Vespucio Capital,Vespucio Capital,913,VECD913
Edificio Vespucio Capital,Vespucio Capital,915,VECD915
Edificio Vespucio Capital,Vespucio Capital,917,VECD917
Edificio Vespucio Capital,Vespucio Capital,1009,VECD1009
Edificio Vespucio Capital,Vespucio Capital,1010,VECD1010
Edificio Vespucio Capital,Vespucio Capital,1011,VECD1011
Edificio Vespucio Capital,Vespucio Capital,1012,VECD1012
Edificio Vespucio Capital,Vespucio Capital,1013,VECD1013
Edificio Vespucio Capital,Vespucio Capital,1120,VECD1120
Edificio Vespucio Capital,Vespucio Capital,202,VECD202
Edificio Vespucio Capital,Vespucio Capital,204,VECD204
Edificio Vespucio Capital,Vespucio Capital,221,VECD221
Edificio Vespucio Capital,Vespucio Capital,228,VECD228
Edificio Vespucio Capital,Vespucio Capital,302,VECD302
Edificio Vespucio Capital,Vespucio Capital,304,VECD304
Edificio Vespucio Capital,Vespucio Capital,321,VECD321
Edificio Vespucio Capital,Vespucio Capital,328,VECD328
Edificio Vespucio Capital,Vespucio Capital,402,VECD402
Edificio Vespucio Capital,Vespucio Capital,404,VECD404
Edificio Vespucio Capital,Vespucio Capital,421,VECD421
Edificio Vespucio Capital,Vespucio Capital,502,VECD502
Edificio Vespucio Capital,Vespucio Capital,521,VECD521
Edificio Vespucio Capital,Vespucio Capital,602,VECD602
Edificio Vespucio Capital,Vespucio Capital,604,VECD604
Edificio Vespucio Capital,Vespucio Capital,621,VECD621
Edificio Vespucio Capital,Vespucio Capital,802,VECD802
Edificio Vespucio Capital,Vespucio Capital,1421,VECD1421
Edificio Vespucio Capital,Vespucio Capital,224,VECD224
Edificio Vespucio Capital,Vespucio Capital,225,VECD225
Edificio Vespucio Capital,Vespucio Capital,226,VECD226
Edificio Vespucio Capital,Vespucio Capital,323,VECD323
Edificio Vespucio Capital,Vespucio Capital,326,VECD326
Edificio Vespucio Capital,Vespucio Capital,423,VECD423
Edificio Vespucio Capital,Vespucio Capital,424,VECD424
Edificio Vespucio Capital,Vespucio Capital,425,VECD425
Edificio Vespucio Capital,Vespucio Capital,426,VECD426
Edificio Vespucio Capital,Vespucio Capital,523,VECD523
Edificio Vespucio Capital,Vespucio Capital,524,VECD524
Edificio Vespucio Capital,Vespucio Capital,525,VECD525
Edificio Vespucio Capital,Vespucio Capital,526,VECD526
Edificio Vespucio Capital,Vespucio Capital,625,VECD625
Edificio Vespucio Capital,Vespucio Capital,626,VECD626
Edificio Vespucio Capital,Vespucio Capital,1126,VECD1126
Edificio Vespucio Capital,Vespucio Capital,1423,VECD1423
Edificio Vespucio Capital,Vespucio Capital,1425,VECD1425
Edificio Conecta Despouy,Conecta Despouy,102,DPYD102
Edificio Conecta Despouy,Conecta Despouy,202,DPYD202
Edificio Conecta Despouy,Conecta Despouy,407,DPYD407
Edificio Conecta Despouy,Conecta Despouy,502,DPYD502
Edificio Conecta Despouy,Conecta Despouy,603,DPYD603
Edificio Conecta Despouy,Conecta Despouy,616,DPYD616
Edificio Conecta Despouy,Conecta Despouy,807,DPYD807
Edificio Conecta Despouy,Conecta Despouy,817,DPYD817
Edificio Conecta Despouy,Conecta Despouy,819,DPYD819
Edificio Conecta Despouy,Conecta Despouy,1001,DPYD1001
Edificio Conecta Despouy,Conecta Despouy,1016,DPYD1016
Edificio Conecta Despouy,Conecta Despouy,1309,DPYD1309
Edificio Conecta Despouy,Conecta Despouy,1316,DPYD1316
Edificio Conecta Despouy,Conecta Despouy,1509,DPYD1509
Edificio Conecta Despouy,Conecta Despouy,1213,DPYD1213
Edificio Conecta Despouy,Conecta Despouy,1513,DPYD1513
Edificio Conecta Despouy,Conecta Despouy,412,DPYD412
Edificio Conecta Despouy,Conecta Despouy,912,DPYD912
Edificio Conecta Despouy,Conecta Despouy,1412,DPYD1412
Edificio Alma Hipodromo,Alma Hipodromo,205,ALHD205
Edificio Alma Hipodromo,Alma Hipodromo,702,ALHD702
Edificio Alma Hipodromo,Alma Hipodromo,1502,ALHD1502
Edificio Alma Hipodromo,Alma Hipodromo,1806,ALHD1806
Edificio Alma Hipodromo,Alma Hipodromo,1906,ALHD1906
Edificio Alma Hipodromo,Alma Hipodromo,1807,ALHD1807
Edificio Alma Hipodromo,Alma Hipodromo,304,ALHD304
Edificio Alma Hipodromo,Alma Hipodromo,1204,ALHD1204
Edificio Vicuña Urban,Vicuña Urban,408,VCUD408
Edificio Vicuña Urban,Vicuña Urban,601,VCUD601
Edificio Vicuña Urban,Vicuña Urban,701,VCUD701
Edificio Vicuña Urban,Vicuña Urban,901,VCUD901
Edificio Vicuña Urban,Vicuña Urban,903,VCUD903
Edificio Vicuña Urban,Vicuña Urban,908,VCUD908
Edificio Vicuña Urban,Vicuña Urban,1107,VCUD1107
Edificio Vicuña Urban,Vicuña Urban,1111,VCUD1111
Edificio Vicuña Urban,Vicuña Urban,1503,VCUD1503
Edificio Vicuña Urban,Vicuña Urban,1511,VCUD1511
Edificio Vicuña Urban,Vicuña Urban,1702,VCUD1702
Edificio Vicuña Urban,Vicuña Urban,1708,VCUD1708
Edificio Vicuña Urban,Vicuña Urban,1811,VCUD1811
Edificio Vicuña Urban,Vicuña Urban,2002,VCUD2002
Edificio Vicuña Urban,Vicuña Urban,2112,VCUD2112
Edificio Vicuña Urban,Vicuña Urban,2203,VCUD2203
Edificio Vicuña Urban,Vicuña Urban,2403,VCUD2403
Edificio Vicuña Urban,Vicuña Urban,2409,VCUD2409
Edificio Vicuña Urban,Vicuña Urban,510,VCUD510
Edificio Vicuña Urban,Vicuña Urban,910,VCUD910
Edificio Vicuña Urban,Vicuña Urban,1404,VCUD1404
Edificio Vicuña Urban,Vicuña Urban,1410,VCUD1410
Edificio Vicuña Urban,Vicuña Urban,2010,VCUD2010
Edificio Vicuña Capital,Vicuña Capital,105,VNCD105
Edificio Vicuña Capital,Vicuña Capital,106,VNCD106
Edificio Vicuña Capital,Vicuña Capital,218,VNCD218
Edificio Vicuña Capital,Vicuña Capital,313,VNCD313
Edificio Vicuña Capital,Vicuña Capital,403,VNCD403
Edificio Vicuña Capital,Vicuña Capital,417,VNCD417
Edificio Vicuña Capital,Vicuña Capital,421,VNCD421
Edificio Vicuña Capital,Vicuña Capital,513,VNCD513
Edificio Vicuña Capital,Vicuña Capital,516,VNCD516
Edificio Vicuña Capital,Vicuña Capital,821,VNCD821
Edificio Vicuña Capital,Vicuña Capital,903,VNCD903
Edificio Vicuña Capital,Vicuña Capital,1102,VNCD1102
Edificio Vicuña Capital,Vicuña Capital,1516,VNCD1516
Edificio Vicuña Capital,Vicuña Capital,1601,VNCD1601
Edificio Vicuña Capital,Vicuña Capital,408,VNCD408
Edificio Vicuña Capital,Vicuña Capital,1115,VNCD1115
Edificio Vicuña Capital,Vicuña Capital,1615,VNCD1615
Edificio Lazo I,Lazo I,1009,LAZD1009
Edificio Lazo I,Lazo I,1110,LAZD1110
Edificio Lazo I,Lazo I,1204,LAZD1204
Edificio Lazo I,Lazo I,1210,LAZD1210
Edificio Lazo I,Lazo I,1407,LAZD1407
Edificio Lazo I,Lazo II,1309,LAZD1309
Edificio Lazo I,Lazo II,1315,LAZD1315
Edificio Lazo I,Lazo II,1603,LAZD1603
Edificio Lazo I,Lazo II,1610,LAZD1610
Edificio Lazo I,Lazo I,1005,LAZD1005
Edificio Lazo I,Lazo I,1405,LAZD1405
Edificio Lazo I,Lazo II,1305,LAZD1305
Edificio Lazo I,Lazo I,808,LAZD808
Edificio Lazo I,Lazo I,617,LAZD617
Edificio Conquista Velasquez IV,Conquista Velasquez IV,202,65087
Edificio Conquista Velasquez IV,Conquista Velasquez IV,205,65088
Edificio Conquista Velasquez IV,Conquista Velasquez IV,207,65089
Edificio Conquista Velasquez IV,Conquista Velasquez IV,209,65090
Edificio Conquista Velasquez IV,Conquista Velasquez IV,302,65097
Edificio Conquista Velasquez IV,Conquista Velasquez IV,314,65113
Edificio Conquista Velasquez IV,Conquista Velasquez IV,409,70000
Edificio Conquista Velasquez IV,Conquista Velasquez IV,502,70003
Edificio Conquista Velasquez IV,Conquista Velasquez IV,805,70014
Edificio Conquista Velasquez IV,Conquista Velasquez IV,1209,70029
Edificio Conquista Velasquez IV,Conquista Velasquez IV,1401,70032
Edificio Conquista Velasquez IV,Conquista Velasquez IV,1709,70048
Edificio Conquista Velasquez IV,Conquista Velasquez IV,1801,70050
Edificio Conquista Velasquez IV,Conquista Velasquez IV,1807,70052
Edificio Conquista Velasquez IV,Conquista Velasquez IV,1809,70053
Edificio Conquista Velasquez IV,Conquista Velasquez IV,1901,70057
Edificio Conquista Velasquez IV,Conquista Velasquez IV,2001,70062
Edificio Conquista Velasquez IV,Conquista Velasquez IV,2101,70069
Edificio Conquista Velasquez IV,Conquista Velasquez IV,2201,70075
Edificio Conquista Velasquez IV,Conquista Velasquez IV,2209,70077
Edificio Conquista Velasquez IV,Conquista Velasquez IV,2305,70083
Edificio Conquista Velasquez IV,Conquista Velasquez IV,2309,70085
Edificio Conquista Velasquez IV,Conquista Velasquez IV,2314,70087
Edificio Conquista Velasquez IV,Conquista Velasquez IV,2502,70094
Edificio Conquista Velasquez IV,Conquista Velasquez IV,2507,70096
Edificio Conquista Velasquez IV,Conquista Velasquez IV,2509,70097
Edificio Conquista Velasquez IV,Conquista Velasquez IV,2607,70102
Edificio Conquista Velasquez IV,Conquista Velasquez IV,2701,70108
Edificio Conquista Velasquez IV,Conquista Velasquez IV,2702,70109
Edificio Conquista Velasquez IV,Conquista Velasquez IV,2707,70114
Edificio Conquista Velasquez IV,Conquista Velasquez IV,2709,70115
Edificio Conquista Velasquez IV,Conquista Velasquez IV,2714,70118
Edificio Conquista Velasquez IV,Conquista Velasquez IV,2807,70122
Edificio Conquista Velasquez IV,Conquista Velasquez IV,2814,70125
Edificio Conquista Velasquez IV,Conquista Velasquez IV,211,65091
Edificio Conquista Velasquez IV,Conquista Velasquez IV,212,65093
Edificio Conquista Velasquez IV,Conquista Velasquez IV,306,65104
Edificio Conquista Velasquez IV,Conquista Velasquez IV,308,65107
Edificio Conquista Velasquez IV,Conquista Velasquez IV,312,65111
Edificio Conquista Velasquez IV,Conquista Velasquez IV,411,70001
Edificio Conquista Velasquez IV,Conquista Velasquez IV,611,70007
Edificio Conquista Velasquez IV,Conquista Velasquez IV,711,70010
Edificio Conquista Velasquez IV,Conquista Velasquez IV,2111,70072
Edificio Conquista Velasquez IV,Conquista Velasquez IV,2306,70084
Edificio Conquista Velasquez IV,Conquista Velasquez IV,2706,70113
Edificio Conquista Velasquez IV,Conquista Velasquez IV,2806,70121
Edificio Conquista Velasquez IV,Conquista Velasquez IV,2811,70123
Edificio Conquista Velasquez IV,Conquista Velasquez IV,213,65095
Edificio Conquista Velasquez IV,Conquista Velasquez IV,316,65114
Edificio Conquista Velasquez IV,Conquista Velasquez IV,416,70002
Edificio Conquista Velasquez IV,Conquista Velasquez IV,516,70006
Edificio Conquista Velasquez IV,Conquista Velasquez IV,615,70008
Edificio Conquista Velasquez IV,Conquista Velasquez IV,703,70009
Edificio Conquista Velasquez IV,Conquista Velasquez IV,716,70011
Edificio Conquista Velasquez IV,Conquista Velasquez IV,803,70012
Edificio Conquista Velasquez IV,Conquista Velasquez IV,815,70018
Edificio Conquista Velasquez IV,Conquista Velasquez IV,913,70020
Edificio Conquista Velasquez IV,Conquista Velasquez IV,915,70021
Edificio Conquista Velasquez IV,Conquista Velasquez IV,1003,70022
Edificio Conquista Velasquez IV,Conquista Velasquez IV,1015,70025
Edificio Conquista Velasquez IV,Conquista Velasquez IV,1113,70027
Edificio Conquista Velasquez IV,Conquista Velasquez IV,1416,70036
Edificio Conquista Velasquez IV,Conquista Velasquez IV,1513,70040
Edificio Conquista Velasquez IV,Conquista Velasquez IV,1613,70044
Edificio Conquista Velasquez IV,Conquista Velasquez IV,1616,70046
Edificio Conquista Velasquez IV,Conquista Velasquez IV,1713,70049
Edificio Conquista Velasquez IV,Conquista Velasquez IV,1803,70051
Edificio Conquista Velasquez IV,Conquista Velasquez IV,1816,70056
Edificio Conquista Velasquez IV,Conquista Velasquez IV,1903,70058
Edificio Conquista Velasquez IV,Conquista Velasquez IV,1915,70060
Edificio Conquista Velasquez IV,Conquista Velasquez IV,2003,70064
Edificio Conquista Velasquez IV,Conquista Velasquez IV,2103,70070
Edificio Conquista Velasquez IV,Conquista Velasquez IV,2115,70073
Edificio Conquista Velasquez IV,Conquista Velasquez IV,2203,70076
Edificio Conquista Velasquez IV,Conquista Velasquez IV,2313,70086
Edificio Conquista Velasquez IV,Conquista Velasquez IV,2403,70090
Edificio Conquista Velasquez IV,Conquista Velasquez IV,2413,70092
Edificio Conquista Velasquez IV,Conquista Velasquez IV,2415,70093
Edificio Conquista Velasquez IV,Conquista Velasquez IV,2513,70098
Edificio Conquista Velasquez IV,Conquista Velasquez IV,2515,70100
Edificio Conquista Velasquez IV,Conquista Velasquez IV,2603,70101
Edificio Conquista Velasquez IV,Conquista Velasquez IV,2613,70104
Edificio Conquista Velasquez IV,Conquista Velasquez IV,2615,70106
Edificio Conquista Velasquez IV,Conquista Velasquez IV,2210,70078
Edificio Conquista Velasquez IV,Conquista Velasquez IV,2710,70116
Edificio Alférez Real,Alférez Real,205,ALFD205
Edificio Alférez Real,Alférez Real,206,ALFD206
Edificio Alférez Real,Alférez Real,303,ALFD303
Edificio Alférez Real,Alférez Real,305,ALFD305
Edificio Alférez Real,Alférez Real,306,ALFD306
Edificio Alférez Real,Alférez Real,307,ALFD307
Edificio Alférez Real,Alférez Real,403,ALFD403
Edificio Alférez Real,Alférez Real,404,ALFD404
Edificio Alférez Real,Alférez Real,405,ALFD405
Edificio Alférez Real,Alférez Real,406,ALFD406
Edificio Alférez Real,Alférez Real,410,ALFD410
Edificio Alférez Real,Alférez Real,504,ALFD504
Edificio Alférez Real,Alférez Real,506,ALFD506
Edificio Alférez Real,Alférez Real,509,ALFD509
Edificio Alférez Real,Alférez Real,510,ALFD510
Edificio Alférez Real,Alférez Real,603,ALFD603
Edificio Alférez Real,Alférez Real,607,ALFD607
Edificio Alférez Real,Alférez Real,610,ALFD610
Edificio Alférez Real,Alférez Real,703,ALFD703
Edificio Alférez Real,Alférez Real,706,ALFD706
Edificio Alférez Real,Alférez Real,709,ALFD709
Edificio Alférez Real,Alférez Real,201,ALFD201
Edificio Alférez Real,Alférez Real,202,ALFD202
Edificio Alférez Real,Alférez Real,208,ALFD208
Edificio Alférez Real,Alférez Real,301,ALFD301
Edificio Alférez Real,Alférez Real,308,ALFD308
Edificio Alférez Real,Alférez Real,408,ALFD408
Edificio Alférez Real,Alférez Real,501,ALFD501
Edificio Alférez Real,Alférez Real,508,ALFD508
Edificio Alférez Real,Alférez Real,601,ALFD601
Edificio Alférez Real,Alférez Real,701,ALFD701
Edificio Alférez Real,Alférez Real,702,ALFD702
Edificio Alférez Real,Alférez Real,708,ALFD708
Edificio Zorzal,Zorzal,608,52266
Edificio Zorzal,Zorzal,2803,52394
Edificio Zorzal,Zorzal,1205,70877
Edificio Zorzal,Zorzal,905,71261
Edificio Zorzal,Zorzal,701,63999
Edificio Zorzal,Zorzal,710,64045
Edificio Zorzal,Zorzal,910,64047
Edificio Zorzal,Zorzal,1010,64049
Edificio Zorzal,Zorzal,1313,63996
Edificio Activa Vicuña Mackenna Poniente,Activa Vicuña Mackenna Poniente,610,VMPD610-A
Edificio Activa Vicuña Mackenna Poniente,Activa Vicuña Mackenna Poniente,1807,VMPD1807-A
Edificio Activa Vicuña Mackenna Poniente,Activa Vicuña Mackenna Poniente,119,VMPD119-B
Edificio Activa Vicuña Mackenna Poniente,Activa Vicuña Mackenna Poniente,205,VMPD205-A
Edificio Activa Vicuña Mackenna Poniente,Activa Vicuña Mackenna Poniente,1105,VMPD1105-A
Edificio Activa Vicuña Mackenna Poniente,Activa Vicuña Mackenna Poniente,1205,VMPD1205-A
Edificio Activa Vicuña Mackenna Poniente,Activa Vicuña Mackenna Poniente,718,VMPD718-B
Edificio Activa Vicuña Mackenna Poniente,Activa Vicuña Mackenna Poniente,302,VMPD302-A
Edificio Activa Vicuña Mackenna Poniente,Activa Vicuña Mackenna Poniente,902,VMPD902-A
Edificio Activa Vicuña Mackenna Poniente,Activa Vicuña Mackenna Poniente,514,VMPD514-B
Edificio Torres de Vicuña Mackenna,Torres de Vicuña Mackenna,504-A,TVMD504-A
Edificio Torres de Vicuña Mackenna,Torres de Vicuña Mackenna,907-A,TVMD907-A
Edificio Torres de Vicuña Mackenna,Torres de Vicuña Mackenna,909-A,TVMD909-A
Edificio Torres de Vicuña Mackenna,Torres de Vicuña Mackenna,914-A,TVMD914-A
Edificio Torres de Vicuña Mackenna,Torres de Vicuña Mackenna,2107-A,TVMD2107-A
Edificio Torres de Vicuña Mackenna,Torres de Vicuña Mackenna,2109-A,TVMD2109-A
Edificio Torres de Vicuña Mackenna,Torres de Vicuña Mackenna,1707-B,TVMD1707-B
Edificio Torres de Vicuña Mackenna,Torres de Vicuña Mackenna,406-A,TVMD406-A
Edificio Torres de Vicuña Mackenna,Torres de Vicuña Mackenna,602-A,TVMD602-A
Edificio Torres de Vicuña Mackenna,Torres de Vicuña Mackenna,1001-A,TVMD1001-A
Edificio Torres de Vicuña Mackenna,Torres de Vicuña Mackenna,1203-A,TVMD1203-A
Edificio Torres de Vicuña Mackenna,Torres de Vicuña Mackenna,1211-A,TVMD1211-A
Edificio Torres de Vicuña Mackenna,Torres de Vicuña Mackenna,2005-A,TVMD2005-A
Edificio Torres de Vicuña Mackenna,Torres de Vicuña Mackenna,2008-A,TVMD2008-A
Edificio Torres de Vicuña Mackenna,Torres de Vicuña Mackenna,213-A,TVMD213-A
Edificio Torres de Vicuña Mackenna,Torres de Vicuña Mackenna,513-A,TVMD513-A
Edificio Torres de Vicuña Mackenna,Torres de Vicuña Mackenna,612-A,TVMD612-A
Edificio Torres de Vicuña Mackenna,Torres de Vicuña Mackenna,1513-A,TVMD1513-A
Edificio Torres de Vicuña Mackenna,Torres de Vicuña Mackenna,701-B,TVMD701-B
Edificio Torres de Vicuña Mackenna,Torres de Vicuña Mackenna,910-A,TVMD910-A
Edificio Torres de Vicuña Mackenna,Torres de Vicuña Mackenna,508-B,TVMD508-B
Edificio Torres de Vicuña Mackenna,Torres de Vicuña Mackenna,1608-B,TVMD1608-B
Edificio Torres de Vicuña Mackenna,Torres de Vicuña Mackenna,903-B,TVMD903-B
Edificio Torres de Vicuña Mackenna,Torres de Vicuña Mackenna,501-B,TVMD501-B
Edificio Amengual,Amengual,105,AMGD105
Edificio Amengual,Amengual,509,AMGD509
Edificio Amengual,Amengual,1309,AMGD1309
Edificio Amengual,Amengual,211,AMGD211
Edificio Amengual,Amengual,912,AMGD912
Edificio Amengual,Amengual,104,AMGD104
Edificio Amengual,Amengual,705,AMGD705
Edificio Amengual,Amengual,201,AMGD201
Edificio Amengual,Amengual,901,AMGD901
Edificio Amengual,Amengual,1010,AMGD1010
Edificio Amengual,Amengual,1207,AMGD1207
Edificio Mirador Gamero,Mirador Gamero,204,CGAD204
Edificio Mirador Gamero,Mirador Gamero,310,CGAD310
Edificio Mirador Gamero,Mirador Gamero,1009,CGAD1009
Edificio Mirador Gamero,Mirador Gamero,1110,CGAD1110
Edificio Mirador Gamero,Mirador Gamero,201,CGAD201
Edificio Mirador Gamero,Mirador Gamero,,CGAD301
Edificio Mirador Gamero,Mirador Gamero,901,CGAD901
Edificio Claudio Gay,Claudio Gay,209,GAYD209
Edificio Claudio Gay,Claudio Gay,330,GAYD330
Edificio Claudio Gay,Claudio Gay,421,GAYD421
Edificio Claudio Gay,Claudio Gay,430,GAYD430
Edificio Claudio Gay,Claudio Gay,511,GAYD511
Edificio Claudio Gay,Claudio Gay,515,GAYD515
Edificio Claudio Gay,Claudio Gay,915,GAYD915
Edificio Claudio Gay,Claudio Gay,903,GAYD903
Edificio Claudio Gay,Claudio Gay,203,GAYD203
Edificio Claudio Gay,Claudio Gay,417,GAYD417
Edificio Claudio Gay,Claudio Gay,420,GAYD420
Edificio Claudio Gay,Claudio Gay,708,GAYD708
Edificio Plaza Central,Plaza Central,1621,PCND1621
Edificio Plaza Central,Plaza Central,1020,PCND1020
Edificio Plaza Central,Plaza Central,1913,PCND1913
Edificio Plaza Central,Plaza Central,1720,PCND1720
Edificio Plaza Central,Plaza Central,421,PCND421
Edificio Plaza Central,Plaza Central,314,PCND314
Edificio Plaza Central,Plaza Central,3521,PCND3521
Edificio Plaza Central,Plaza Central,313,PCND313
Edificio Plaza Central,Plaza Central,3513,PCND3513
Edificio Plaza Central,Plaza Central,320,PCND320
Edificio Plaza Central,Plaza Central,1920,PCND1920
Edificio Plaza Central,Plaza Central,1702,PCND1702
Edificio Plaza Central,Plaza Central,2911,PCND2911
Edificio Plaza Central,Plaza Central,3210,PCND3210
Edificio Plaza Central,Plaza Central,2613,PCND2613
Edificio Plaza Central,Plaza Central,3302,PCND3302
Edificio Plaza Central,Plaza Central,1902,PCND1902
Edificio Plaza Central,Plaza Central,411,PCND411
Edificio Plaza Central,Plaza Central,2011,PCND2011
Edificio Plaza Central,Plaza Central,2811,PCND2811
Edificio Plaza Central,Plaza Central,3202,PCND3202
Edificio Plaza Central,Plaza Central,3321,PCND3321
Edificio Plaza Central,Plaza Central,2721,PCND2721
Edificio Plaza Central,Plaza Central,2202,PCND2202
Edificio Plaza Central,Plaza Central,1914,PCND1914
Edificio Plaza Central,Plaza Central,2414,PCND2414
Edificio Plaza Central,Plaza Central,3214,PCND3214
Edificio Plaza Central,Plaza Central,3221,PCND3221
Edificio Plaza Central,Plaza Central,1221,PCND1221
Edificio Plaza Central,Plaza Central,3014,PCND3014
Edificio Plaza Central,Plaza Central,1014,PCND1014
Edificio Plaza Central,Plaza Central,1820,PCND1820
Edificio Plaza Central,Plaza Central,2102,PCND2102
Edificio Plaza Central,Plaza Central,2120,PCND2120
Edificio Plaza Central,Plaza Central,3215,PCND3215
Edificio Plaza Central,Plaza Central,3515,PCND3515
Edificio Plaza Central,Plaza Central,3412,PCND3412
Edificio Plaza Central,Plaza Central,1516,PCND1516
Edificio Plaza Central,Plaza Central,3117,PCND3117
Edificio Plaza Central,Plaza Central,816,PCND816
Edificio Plaza Central,Plaza Central,3208,PCND3208
Edificio Plaza Central,Plaza Central,2616,PCND2616
Edificio Plaza Central,Plaza Central,3315,PCND3315
Edificio Plaza Central,Plaza Central,3417,PCND3417
Edificio Plaza Central,Plaza Central,3316,PCND3316
Edificio Plaza Central,Plaza Central,1816,PCND1816
Edificio Plaza Central,Plaza Central,1416,PCND1416
Edificio Plaza Central,Plaza Central,2516,PCND2516
Edificio Plaza Central,Plaza Central,3317,PCND3317
Edificio Plaza Central,Plaza Central,3517,PCND3517
Edificio Plaza Central,Plaza Central,1706,PCND1706
Edificio Plaza Central,Plaza Central,2407,PCND2407
Edificio Plaza Central,Plaza Central,2905,PCND2905
Edificio Plaza Central,Plaza Central,2804,PCND2804
Edificio Plaza Central,Plaza Central,3005,PCND3005
Edificio Plaza Central,Plaza Central,805,PCND805
Edificio Plaza Central,Plaza Central,2404,PCND2404
Edificio Plaza Central,Plaza Central,1605,PCND1605
Edificio Plaza Central,Plaza Central,1905,PCND1905
Edificio Plaza Central,Plaza Central,3301,PCND3301
Edificio Plaza Central,Plaza Central,2801,PCND2801
Edificio Plaza Central,Plaza Central,3201,PCND3201
Edificio Plaza Central,Plaza Central,405,PCND405
Edificio Plaza Central,Plaza Central,2005,PCND2005
Edificio Plaza Central,Plaza Central,3206,PCND3206
Edificio Plaza Central,Plaza Central,2906,PCND2906
Edificio Plaza Central,Plaza Central,2206,PCND2206
Edificio Plaza Central,Plaza Central,2706,PCND2706
Edificio Plaza Central,Plaza Central,1105,PCND1105
Edificio Plaza Central,Plaza Central,3104,PCND3104
Edificio Plaza Central,Plaza Central,1701,PCND1701
Edificio Plaza Central,Plaza Central,3507,PCND3507
Edificio Plaza Central,Plaza Central,301,PCND301
Edificio Plaza Central,Plaza Central,2704,PCND2704
Edificio Plaza Central,Plaza Central,205,PCND205
Edificio Plaza Central,Plaza Central,3101,PCND3101
Edificio Plaza Central,Plaza Central,2505,PCND2505
Edificio Plaza Central,Plaza Central,2305,PCND2305
Edificio Plaza Central,Plaza Central,701,PCND701
Edificio Plaza Central,Plaza Central,3207,PCND3207
Edificio Plaza Central,Plaza Central,3105,PCND3105
Edificio Plaza Central,Plaza Central,3306,PCND3306
Edificio Plaza Central,Plaza Central,1318,PCND1318
Edificio Plaza Central,Plaza Central,2019,PCND2019
Edificio Plaza Central,Plaza Central,1119,PCND1119
Edificio Plaza Central,Plaza Central,1619,PCND1619
Edificio Plaza Central,Plaza Central,303,PCND303
Edificio Plaza Central,Plaza Central,703,PCND703
Edificio Plaza Central,Plaza Central,3019,PCND3019
Edificio Plaza Central,Plaza Central,3118,PCND3118
Edificio Plaza Central,Plaza Central,3119,PCND3119
Edificio Plaza Central,Plaza Central,3503,PCND3503
Edificio Plaza Central,Plaza Central,2205,PCND2205
Edificio Plaza Central,Plaza Central,2301,PCND2301
Edificio Plaza Central,Plaza Central,2318,PCND2318
Edificio Plaza Central,Plaza Central,2707,PCND2707
Edificio Plaza Central,Plaza Central,3204,PCND3204
Edificio San Isidro,Alto San Isidro,911,5480
Edificio San Isidro,San Isidro Plaza,601,SYG126
Edificio San Isidro,Europlaza San Isidro 2,1315,SYG517
Edificio San Isidro,Edificio San Isidro 543,104,SISD104
Edificio San Isidro,Edificio San Isidro 543,105,SISD105
Edificio San Isidro,Edificio San Isidro 543,106,SISD106
Edificio San Isidro,Edificio San Isidro 543,107,SISD107
Edificio San Isidro,Edificio San Isidro 543,108,SISD108
Edificio San Isidro,Edificio San Isidro 543,109,SISD109
Edificio San Isidro,Edificio San Isidro 543,110,SISD110
Edificio San Isidro,Edificio San Isidro 543,112,SISD112
Edificio San Isidro,Edificio San Isidro 543,204,SISD204
Edificio San Isidro,Edificio San Isidro 543,205,SISD205
Edificio San Isidro,Edificio San Isidro 543,220,SISD220
Edificio San Isidro,Edificio San Isidro 543,305,SISD305
Edificio San Isidro,Edificio San Isidro 543,409,SISD409
Edificio San Isidro,San Isidro 513,618,70809
Edificio San Isidro,Isa San Isidro,506,71390
Edificio San Isidro,Edificio San Isidro 543,228,SISD228
Edificio San Isidro,Isa San Isidro,501-A,17380
Edificio San Isidro,Isa San Isidro,801-A,17391
Edificio Mosaic Art,Mosaic Art,612-A,63286
Edificio Mosaic Art,Mosaic Art,1108-A,64921
Edificio Mosaic Art,Mosaic Art,1208-A,64922
Edificio Mosaic Art,Mosaic Art,1110-A,64925
Edificio Mosaic Art,Mosaic Art,1105-C,64941
Edificio San Carlos,Edificio San Carlos,208,ESCD208
Edificio San Carlos,Edificio San Carlos,608,ESCD608
Edificio San Carlos,Edificio San Carlos,911,ESCD911
Edificio San Carlos,Edificio San Carlos,503,ESCD503
Edificio Lazo II,Lazo II,1309,LAZD1309
Edificio Lazo II,Lazo II,1315,LAZD1315
Edificio Lazo II,Lazo II,1603,LAZD1603
Edificio Lazo II,Lazo II,1610,LAZD1610
Edificio Lazo II,Lazo II,1305,LAZD1305
Edificio Vista San Martín,Vista San Martín,514,SNMD514
Edificio Vista San Martín,Vista San Martín,901,SNMD901
Edificio Vista San Martín,Vista San Martín,902,SNMD902
Edificio Vista San Martín,Vista San Martín,1002,SNMD1002
Edificio Vista San Martín,Vista San Martín,1006,SNMD1006
Edificio Vista San Martín,Vista San Martín,1101,SNMD1101
Edificio Vista San Martín,Vista San Martín,1212,SNMD1212
Edificio Vista San Martín,Vista San Martín,1505,SNMD1505
Edificio Vista San Martín,Vista San Martín,1610,SNMD1610
Edificio Mirador Azul,Mirador Azul,301,MAZD301
Edificio Mirador Azul,Mirador Azul,901,MAZD901
Edificio Mirador Azul,Mirador Azul,1208,MAZD1208
Edificio Mirador Azul,Mirador Azul,202,MAZD202
Edificio Mirador Azul,Mirador Azul,1302,MAZD1302
Edificio Cinco de Abril,Edificio Cinco de Abril,509,ABRD509
Edificio Cinco de Abril,Edificio Cinco de Abril,716,ABRD716
Edificio Cinco de Abril,Edificio Cinco de Abril,809,ABRD809
Edificio Cinco de Abril,Edificio Cinco de Abril,1113,ABRD1113
Edificio Cinco de Abril,Edificio Cinco de Abril,1406,ABRD1406
Edificio Cinco de Abril,Edificio Cinco de Abril,1609,ABRD1609
Edificio Cinco de Abril,Edificio Cinco de Abril,1611,ABRD1611
Edificio Cinco de Abril,Edificio Cinco de Abril,1614,ABRD1614
Edificio Cinco de Abril,Edificio Cinco de Abril,1708,ABRD1708
Edificio Cinco de Abril,Edificio Cinco de Abril,1805,ABRD1805
Edificio Cinco de Abril,Edificio Cinco de Abril,202,ABRD202
Edificio Cinco de Abril,Edificio Cinco de Abril,204,ABRD204
Edificio Cinco de Abril,Edificio Cinco de Abril,504,ABRD504
Edificio Cinco de Abril,Edificio Cinco de Abril,510,ABRD510
Edificio Cinco de Abril,Edificio Cinco de Abril,601,ABRD601
Edificio Cinco de Abril,Edificio Cinco de Abril,602,ABRD602
Edificio Cinco de Abril,Edificio Cinco de Abril,701,ABRD701
Edificio Cinco de Abril,Edificio Cinco de Abril,910,ABRD910
Edificio Cinco de Abril,Edificio Cinco de Abril,1210,ABRD1210
Edificio Cinco de Abril,Edificio Cinco de Abril,2001,ABRD2001
Edificio Cinco de Abril,Edificio Cinco de Abril,611,ABRD611
Edificio Cinco de Abril,Edificio Cinco de Abril,1503,ABRD1503
Edificio Cinco de Abril,Edificio Cinco de Abril,1703,ABRD1703
Edificio Cinco de Abril,Edificio Cinco de Abril,2002,ABRD2002
Edificio Cinco de Abril,Edificio Cinco de Abril,512,ABRD512
Edificio Cinco de Abril,Edificio Cinco de Abril,307,ABRD307
Edificio Mirador José Ureta,Mirador José Ureta,206,URTD206
Edificio Mirador José Ureta,Mirador José Ureta,207,URTD207
Edificio Mirador José Ureta,Mirador José Ureta,,URTD212
Edificio Mirador José Ureta,Mirador José Ureta,302,URTD302
Edificio Mirador José Ureta,Mirador José Ureta,306,URTD306
Edificio Mirador José Ureta,Mirador José Ureta,901,URTD901
Edificio Mirador José Ureta,Mirador José Ureta,907,URTD907
Edificio Mirador José Ureta,Mirador José Ureta,1002,URTD1002
Edificio Mirador José Ureta,Mirador José Ureta,1103,URTD1103
Edificio Mirador José Ureta,Mirador José Ureta,1206,URTD1206
Edificio Mirador José Ureta,Mirador José Ureta,1401,URTD1401
Edificio Mirador José Ureta,Mirador José Ureta,,URTD1408
Edificio Mirador José Ureta,Mirador José Ureta,1506,URTD1506
Edificio Mirador José Ureta,Mirador José Ureta,,URTD1701
Edificio Mirador José Ureta,Mirador José Ureta,1809,URTD1809
Edificio Mirador José Ureta,Mirador José Ureta,2006,URTD2006
Edificio Mirador José Ureta,Mirador José Ureta,,URTD905
Edificio Mirador José Ureta,Mirador José Ureta,1904,URTD1904
Edificio Serrano Capital,Serrano Capital,204,SRRD204
Edificio Serrano Capital,Serrano Capital,205,SRRD205
Edificio Serrano Capital,Serrano Capital,206,SRRD206
Edificio Serrano Capital,Serrano Capital,210,SRRD210
Edificio Serrano Capital,Serrano Capital,211,SRRD211
Edificio Serrano Capital,Serrano Capital,212,SRRD212
Edificio Serrano Capital,Serrano Capital,216,SRRD216
Edificio Serrano Capital,Serrano Capital,217,SRRD217
Edificio Serrano Capital,Serrano Capital,219,SRRD219
Edificio Serrano Capital,Serrano Capital,220,SRRD220
Edificio Serrano Capital,Serrano Capital,221,SRRD221
Edificio Serrano Capital,Serrano Capital,222,SRRD222
Edificio Serrano Capital,Serrano Capital,304,SRRD304
Edificio Serrano Capital,Serrano Capital,305,SRRD305
Edificio Serrano Capital,Serrano Capital,307,SRRD307
Edificio Serrano Capital,Serrano Capital,310,SRRD310
Edificio Serrano Capital,Serrano Capital,315,SRRD315
Edificio Serrano Capital,Serrano Capital,316,SRRD316
Edificio Serrano Capital,Serrano Capital,317,SRRD317
Edificio Serrano Capital,Serrano Capital,319,SRRD319
Edificio Serrano Capital,Serrano Capital,320,SRRD320
Edificio Serrano Capital,Serrano Capital,321,SRRD321
Edificio Serrano Capital,Serrano Capital,322,SRRD322
Edificio Serrano Capital,Serrano Capital,323,SRRD323
Edificio Serrano Capital,Serrano Capital,324,SRRD324
Edificio Serrano Capital,Serrano Capital,325,SRRD325
Edificio Serrano Capital,Serrano Capital,326,SRRD326
Edificio Serrano Capital,Serrano Capital,404,SRRD404
Edificio Serrano Capital,Serrano Capital,405,SRRD405
Edificio Serrano Capital,Serrano Capital,406,SRRD406
Edificio Serrano Capital,Serrano Capital,410,SRRD410
Edificio Serrano Capital,Serrano Capital,415,SRRD415
Edificio Serrano Capital,Serrano Capital,416,SRRD416
Edificio Serrano Capital,Serrano Capital,417,SRRD417
Edificio Serrano Capital,Serrano Capital,419,SRRD419
Edificio Serrano Capital,Serrano Capital,420,SRRD420
Edificio Serrano Capital,Serrano Capital,421,SRRD421
Edificio Serrano Capital,Serrano Capital,422,SRRD422
Edificio Serrano Capital,Serrano Capital,424,SRRD424
Edificio Serrano Capital,Serrano Capital,425,SRRD425
Edificio Serrano Capital,Serrano Capital,505,SRRD505
Edificio Serrano Capital,Serrano Capital,506,SRRD506
Edificio Serrano Capital,Serrano Capital,508,SRRD508
Edificio Serrano Capital,Serrano Capital,510,SRRD510
Edificio Serrano Capital,Serrano Capital,511,SRRD511
Edificio Serrano Capital,Serrano Capital,515,SRRD515
Edificio Serrano Capital,Serrano Capital,517,SRRD517
Edificio Serrano Capital,Serrano Capital,519,SRRD519
Edificio Serrano Capital,Serrano Capital,520,SRRD520
Edificio Serrano Capital,Serrano Capital,521,SRRD521
Edificio Serrano Capital,Serrano Capital,522,SRRD522
Edificio Serrano Capital,Serrano Capital,523,SRRD523
Edificio Serrano Capital,Serrano Capital,524,SRRD524
Edificio Serrano Capital,Serrano Capital,525,SRRD525
Edificio Serrano Capital,Serrano Capital,604,SRRD604
Edificio Serrano Capital,Serrano Capital,609,SRRD609
Edificio Serrano Capital,Serrano Capital,617,SRRD617
Edificio Serrano Capital,Serrano Capital,620,SRRD620
Edificio Serrano Capital,Serrano Capital,621,SRRD621
Edificio Serrano Capital,Serrano Capital,622,SRRD622
Edificio Serrano Capital,Serrano Capital,623,SRRD623
Edificio Serrano Capital,Serrano Capital,624,SRRD624
Edificio Serrano Capital,Serrano Capital,625,SRRD625
Edificio Serrano Capital,Serrano Capital,626,SRRD626
Edificio Serrano Capital,Serrano Capital,704,SRRD704
Edificio Serrano Capital,Serrano Capital,705,SRRD705
Edificio Serrano Capital,Serrano Capital,706,SRRD706
Edificio Serrano Capital,Serrano Capital,707,SRRD707
Edificio Serrano Capital,Serrano Capital,710,SRRD710
Edificio Serrano Capital,Serrano Capital,711,SRRD711
Edificio Serrano Capital,Serrano Capital,715,SRRD715
Edificio Serrano Capital,Serrano Capital,716,SRRD716
Edificio Serrano Capital,Serrano Capital,717,SRRD717
Edificio Serrano Capital,Serrano Capital,719,SRRD719
Edificio Serrano Capital,Serrano Capital,720,SRRD720
Edificio Serrano Capital,Serrano Capital,721,SRRD721
Edificio Serrano Capital,Serrano Capital,723,SRRD723
Edificio Serrano Capital,Serrano Capital,725,SRRD725
Edificio Serrano Capital,Serrano Capital,804,SRRD804
Edificio Serrano Capital,Serrano Capital,805,SRRD805
Edificio Serrano Capital,Serrano Capital,806,SRRD806
Edificio Serrano Capital,Serrano Capital,819,SRRD819
Edificio Serrano Capital,Serrano Capital,820,SRRD820
Edificio Serrano Capital,Serrano Capital,822,SRRD822
Edificio Serrano Capital,Serrano Capital,823,SRRD823
Edificio Serrano Capital,Serrano Capital,911,SRRD911
Edificio Serrano Capital,Serrano Capital,919,SRRD919
Edificio Serrano Capital,Serrano Capital,920,SRRD920
Edificio Serrano Capital,Serrano Capital,921,SRRD921
Edificio Serrano Capital,Serrano Capital,922,SRRD922
Edificio Serrano Capital,Serrano Capital,1011,SRRD1011
Edificio Serrano Capital,Serrano Capital,1019,SRRD1019
Edificio Serrano Capital,Serrano Capital,1023,SRRD1023
Edificio Serrano Capital,Serrano Capital,1025,SRRD1025
Edificio Serrano Capital,Serrano Capital,1110,SRRD1110
Edificio Serrano Capital,Serrano Capital,1124,SRRD1124
Edificio Lofty,Lofty,312,LOFD312
Edificio Lofty,Lofty,1112,LOFD1112
Edificio Lofty,Lofty,1214,LOFD1214
Edificio Lofty,Lofty,1305,LOFD1305
Edificio Lofty,Lofty,509,LOFD509
Edificio Midtown Santiago,Midtown Santiago,124-A,PRLD124-A
Edificio Midtown Santiago,Midtown Santiago,523-A,PRLD523-A
Edificio Midtown Santiago,Midtown Santiago,919-A,PRLD919-A
Edificio Midtown Santiago,Midtown Santiago,925-A,PRLD925-A
Edificio Midtown Santiago,Midtown Santiago,103-B,PRLD103-B
Edificio Midtown Santiago,Midtown Santiago,120-B,PRLD120-B
Edificio Midtown Santiago,Midtown Santiago,302-B,PRLD302-B
Edificio Midtown Santiago,Midtown Santiago,417-B,PRLD417-B
Edificio Midtown Santiago,Midtown Santiago,503-B,PRLD503-B
Edificio Midtown Santiago,Midtown Santiago,,PRLD506-B
Edificio Midtown Santiago,Midtown Santiago,618-B,PRLD618-B
Edificio Midtown Santiago,Midtown Santiago,705-B,PRLD705-B
Edificio Midtown Santiago,Midtown Santiago,918-B,PRLD918-B
Edificio Midtown Santiago,Midtown Santiago,307-A,PRLD307-A
Edificio Midtown Santiago,Midtown Santiago,604-A,PRLD604-A
Edificio Midtown Santiago,Midtown Santiago,608-A,PRLD608-A
Edificio Midtown Santiago,Midtown Santiago,805-A,PRLD805-A
Edificio Midtown Santiago,Midtown Santiago,211-A,PRLD211-A
Edificio Midtown Santiago,Midtown Santiago,528-A,PRLD528-A
Edificio Pedro de Valdivia,Pedro de Valdivia,304,PDVD304
Edificio Pedro de Valdivia,Pedro de Valdivia,307,PDVD307
Edificio Pedro de Valdivia,Pedro de Valdivia,510,PDVD510
Edificio Echaurren,Echaurren,324,ECHD324
Edificio Echaurren,Echaurren,522,ECHD522
Edificio Echaurren,Echaurren,809,ECHD809
Edificio Echaurren,Echaurren,914,ECHD914
Edificio Echaurren,Echaurren,313,ECHD313
Edificio Echaurren,Echaurren,513,ECHD513
Edificio Vista Parque,Vista Parque San Ignacio,213,SYG328
Edificio Vista Parque,Vista Parque San Ignacio,409,SYG662
Edificio Vista Parque,Vista Parque San Ignacio,609,SYG663
Edificio Vista Parque,Vista Parque San Ignacio,909,SYG2298
Edificio Vista Parque,Vista Parque,104,VPQD104
Edificio Vista Parque,Vista Parque,105,VPQD105
Edificio Vista Parque,Vista Parque,107,VPQD107
Edificio Vista Parque,Vista Parque,108,VPQD108
Edificio Vista Parque,Vista Parque,109,VPQD109
Edificio Vista Parque,Vista Parque,201,VPQD201
Edificio Vista Parque,Vista Parque,204,VPQD204
Edificio Vista Parque,Vista Parque,205,VPQD205
Edificio Vista Parque,Vista Parque,209,VPQD209
Edificio Vista Parque,Vista Parque,210,VPQD210
Edificio Vista Parque,Vista Parque,211,VPQD211
Edificio Vista Parque,Vista Parque,213,VPQD213
Edificio Vista Parque,Vista Parque,216,VPQD216
Edificio Vista Parque,Vista Parque,217,VPQD217
Edificio Vista Parque,Vista Parque,310,VPQD310
Edificio Vista Parque,Vista Parque,311,VPQD311
Edificio Vista Parque,Vista Parque,312,VPQD312
Edificio Vista Parque,Vista Parque,314,VPQD314
Edificio Vista Parque,Vista Parque,318,VPQD318
Edificio Vista Parque,Vista Parque,415,VPQD415
Edificio Vista Parque,Vista Parque,417,VPQD417
Edificio Vista Parque,Vista Parque,515,VPQD515
Edificio Vista Parque,Vista Parque,517,VPQD517
Edificio Vista Parque,Vista Parque,616,VPQD616
Edificio Vista Parque,Vista Parque,617,VPQD617
Edificio Vista Parque,Vista Parque,618,VPQD618
Edificio Vista Parque,Vista Parque,716,VPQD716
Edificio Vista Parque,Vista Parque,717,VPQD717
Edificio Vista Parque,Vista Parque,816,VPQD816
Edificio Vista Parque,Vista Parque,917,VPQD917
Edificio Vista Parque,Vista Parque,918,VPQD918
Edificio Vista Parque,Vista Parque,1014,VPQD1014
Edificio Vista Parque,Vista Parque,1017,VPQD1017
Edificio Vista Parque,Vista Parque,1018,VPQD1018
Edificio Vista Parque,Vista Parque,1215,VPQD1215
Edificio Vista Parque,Vista Parque,1218,VPQD1218
Edificio Vista Parque,Vista Parque,1314,VPQD1314
Edificio Vista Parque,Vista Parque,304,VPQD304
Edificio Vista Parque,Vista Parque,807,VPQD807
Edificio Matucana,Matucana,204-B,MTCD204-B
Edificio Matucana,Matucana,807-B,MTCD807-B
Edificio Matucana,Matucana,808-B,MTCD808-B
Edificio Matucana,Matucana,208-B,MTCD208-B
Edificio Matucana,Matucana,513-B,MTCD513-B
Edificio Matucana,Matucana,514-B,MTCD514-B
Edificio Matucana,Matucana,201-A,MTCD201-A
Edificio Matucana,Matucana,303-A,MTCD303-A
Edificio Matucana,Matucana,313-A,MTCD313-A
Edificio Matucana,Matucana,314-A,MTCD314-A
Edificio Matucana,Matucana,414-A,MTCD414-A
Edificio Matucana,Matucana,601-A,MTCD601-A
Edificio Matucana,Matucana,901-A,MTCD901-A
Edificio Matucana,Matucana,902-A,MTCD902-A
Edificio Matucana,Matucana,202-B,MTCD202-B
Edificio Matucana,Matucana,209-B,MTCD209-B
Edificio Matucana,Matucana,602-B,MTCD602-B
Edificio Matucana,Matucana,703-B,MTCD703-B
Edificio Matucana,Matucana,801-B,MTCD801-B
Edificio Matucana,Matucana,802-B,MTCD802-B
Edificio Toledo Rent,Toledo Rent,201-A,TRND201-A
Edificio Toledo Rent,Toledo Rent,203-A,TRND203-A
Edificio Toledo Rent,Toledo Rent,209-A,TRND209-A
Edificio Toledo Rent,Toledo Rent,303-A,TRND303-A
Edificio Toledo Rent,Toledo Rent,801-A,TRND801-A
Edificio Toledo Rent,Toledo Rent,809-A,TRND809-A
Edificio Toledo Rent,Toledo Rent,903-A,TRND903-A
Edificio Toledo Rent,Toledo Rent,1001-A,TRND1001-A
Edificio Toledo Rent,Toledo Rent,1201-A,TRND1201-A
Edificio Toledo Rent,Toledo Rent,1209-A,TRND1209-A
Edificio Toledo Rent,Toledo Rent,1310-A,TRND1310-A
Edificio Toledo Rent,Toledo Rent,207-B,TRND207-B
Edificio Toledo Rent,Toledo Rent,208-B,TRND208-B
Edificio Toledo Rent,Toledo Rent,305-B,TRND305-B
Edificio Toledo Rent,Toledo Rent,308-B,TRND308-B
Edificio Toledo Rent,Toledo Rent,405-B,TRND405-B
Edificio Toledo Rent,Toledo Rent,406-B,TRND406-B
Edificio Toledo Rent,Toledo Rent,505-B,TRND505-B
Edificio Toledo Rent,Toledo Rent,507-B,TRND507-B
Edificio Toledo Rent,Toledo Rent,605-B,TRND605-B
Edificio Toledo Rent,Toledo Rent,805-B,TRND805-B
Edificio Toledo Rent,Toledo Rent,806-B,TRND806-B
Edificio Toledo Rent,Toledo Rent,1006-B,TRND1006-B
Edificio Toledo Rent,Toledo Rent,1106-B,TRND1106-B
Edificio Toledo Rent,Toledo Rent,1108-B,TRND1108-B
Edificio Toledo Rent,Toledo Rent,1205-B,TRND1205-B
Edificio Toledo Rent,Toledo Rent,1208-B,TRND1208-B
Edificio Toledo Rent,Toledo Rent,304-A,TRND304-A
Edificio Toledo Rent,Toledo Rent,308-A,TRND308-A
Edificio Toledo Rent,Toledo Rent,708-A,TRND708-A
Edificio Toledo Rent,Toledo Rent,904-A,TRND904-A
Edificio Toledo Rent,Toledo Rent,1004-A,TRND1004-A
Edificio Toledo Rent,Toledo Rent,1104-A,TRND1104-A
Edificio Toledo Rent,Toledo Rent,1108-A,TRND1108-A
Edificio Toledo Rent,Toledo Rent,1204-A,TRND1204-A
Edificio Toledo Rent,Toledo Rent,1304-A,TRND1304-A
Edificio Toledo Rent,Toledo Rent,201-B,TRND201-B
Edificio Toledo Rent,Toledo Rent,202-B,TRND202-B
Edificio Toledo Rent,Toledo Rent,210-B,TRND210-B
Edificio Toledo Rent,Toledo Rent,301-B,TRND301-B
Edificio Toledo Rent,Toledo Rent,302-B,TRND302-B
Edificio Toledo Rent,Toledo Rent,401-B,TRND401-B
Edificio Toledo Rent,Toledo Rent,410-B,TRND410-B
Edificio Toledo Rent,Toledo Rent,501-B,TRND501-B
Edificio Toledo Rent,Toledo Rent,502-B,TRND502-B
Edificio Toledo Rent,Toledo Rent,1002-B,TRND1002-B
Edificio Toledo Rent,Toledo Rent,204-B,TRND204-B
Edificio Toledo Rent,Toledo Rent,304-B,TRND304-B
Edificio Toledo Rent,Toledo Rent,804-B,TRND804-B
Edificio Casa el Roble,Casa el Roble,308,CSRD308
Edificio Casa el Roble,Casa el Roble,719,CSRD719
Edificio Casa el Roble,Casa el Roble,919,CSRD919
Edificio Casa el Roble,Casa el Roble,1011,CSRD1011
Edificio Casa el Roble,Casa el Roble,1107,CSRD1107
Edificio Casa el Roble,Casa el Roble,1112,CSRD1112
Edificio Casa el Roble,Casa el Roble,1113,CSRD1113
Edificio Casa el Roble,Casa el Roble,1311,CSRD1311
Edificio Casa el Roble,Casa el Roble,1319,CSRD1319
Edificio Casa el Roble,Casa el Roble,1601,CSRD1601
Edificio Casa el Roble,Casa el Roble,1610,CSRD1610
Edificio Casa el Roble,Casa el Roble,218,CSRD218
Edificio Casa el Roble,Casa el Roble,918,CSRD918
Edificio Casa el Roble,Casa el Roble,1118,CSRD1118
Edificio Casa el Roble,Casa el Roble,1702,CSRD1702
Edificio Casa el Roble,Casa el Roble,205,CSRD205
Edificio Casa el Roble,Casa el Roble,805,CSRD805
Edificio Casa el Roble,Casa el Roble,806,CSRD806
Edificio Casa el Roble,Casa el Roble,1705,CSRD1705
Edificio Casa el Roble,Casa el Roble,1717,CSRD1717
Edificio Casa el Roble,Casa el Roble,1203,CSRD1203
Edificio Garden La Cisterna,Garden La Cisterna,101,GRDD101
Edificio Garden La Cisterna,Garden La Cisterna,305,GRDD305
Edificio Garden La Cisterna,Garden La Cisterna,904,GRDD904
Edificio Garden La Cisterna,Garden La Cisterna,1304,GRDD1304
Edificio Garden La Cisterna,Garden La Cisterna,1306,GRDD1306
Edificio Garden La Cisterna,Garden La Cisterna,1403,GRDD1403
Edificio Garden La Cisterna,Garden La Cisterna,1503,GRDD1503
Edificio Garden La Cisterna,Garden La Cisterna,409,GRDD409
Edificio Garden La Cisterna,Garden La Cisterna,1509,GRDD1509
Edificio Carnot,Carnot,813-A,CARD813-A
Edificio Carnot,Carnot,1113-A,CARD1113-A
Edificio Carnot,Carnot,1913-A,CARD1913-A
Edificio Carnot,Carnot,207-A,CARD207-A
Edificio Carnot,Carnot,208-A,CARD208-A
Edificio Carnot,Carnot,712-A,CARD712-A
Edificio Carnot,Carnot,1406-A,CARD1406-A
Edificio Carnot,Carnot,1605-A,CARD1605-A
Edificio Carnot,Carnot,1606-A,CARD1606-A
Edificio Carnot,Carnot,1607-A,CARD1607-A
Edificio Carnot,Carnot,1612-A,CARD1612-A
Edificio Carnot,Carnot,1705-A,CARD1705-A
Edificio Carnot,Carnot,1706-A,CARD1706-A
Edificio Carnot,Carnot,1712-A,CARD1712-A
Edificio Carnot,Carnot,1911-A,CARD1911-A
Edificio Carnot,Carnot,2007-A,CARD2007-A
Edificio Carnot,Carnot,718-B,CARD718-B
Edificio Carnot,Carnot,719-B,CARD719-B
Edificio Carnot,Carnot,819-B,CARD819-B
Edificio Carnot,Carnot,918-B,CARD918-B
Edificio Carnot,Carnot,1518-B,CARD1518-B
Edificio Carnot,Carnot,1602-A,CARD1602-A
Edificio Carnot,Carnot,1709-A,CARD1709-A
Edificio Romero,Romero,213,ROMD213
Edificio Romero,Romero,229,ROMD229
Edificio Home Inclusive Independencia,Home Inclusive Independencia,1111-A,IDPD1111A
Edificio Home Inclusive Independencia,Home Inclusive Independencia,1307-A,IDPD1307A
Edificio Home Inclusive Independencia,Home Inclusive Independencia,1309-A,IDPD1309A
Edificio Home Inclusive Independencia,Home Inclusive Independencia,1315-A,IDPD1315A
Edificio Home Inclusive Independencia,Home Inclusive Independencia,1404-A,IDPD1404A
Edificio Home Inclusive Independencia,Home Inclusive Independencia,1504-A,IDPD1504A
Edificio Home Inclusive Independencia,Home Inclusive Independencia,1507-A,IDPD1507A
Edificio Home Inclusive Independencia,Home Inclusive Independencia,1515-A,IDPD1515A
Edificio Home Inclusive Independencia,Home Inclusive Independencia,1604-A,IDPD1604A
Edificio Home Inclusive Independencia,Home Inclusive Independencia,1607-A,IDPD1607A
Edificio Home Inclusive Independencia,Home Inclusive Independencia,1615-A,IDPD1615A
Edificio Home Inclusive Independencia,Home Inclusive Independencia,1701-B,IDPD1701B
Edificio Home Inclusive Independencia,Home Inclusive Independencia,1704-A,IDPD1704A
Edificio Home Inclusive Independencia,Home Inclusive Independencia,1707-A,IDPD1707A
Edificio Home Inclusive Independencia,Home Inclusive Independencia,1715-A,IDPD1715A
Edificio Home Inclusive Independencia,Home Inclusive Independencia,1803-B,IDPD1803B
Edificio Home Inclusive Independencia,Home Inclusive Independencia,1804-A,IDPD1804A
Edificio Home Inclusive Independencia,Home Inclusive Independencia,1804-B,IDPD1804B
Edificio Home Inclusive Independencia,Home Inclusive Independencia,1807-A,IDPD1807A
Edificio Home Inclusive Independencia,Home Inclusive Independencia,1812-B,IDPD1812B
Edificio Home Inclusive Independencia,Home Inclusive Independencia,1814-A,IDPD1814A
Edificio Home Inclusive Independencia,Home Inclusive Independencia,1815-A,IDPD1815A
Edificio Home Inclusive Independencia,Home Inclusive Independencia,1904-A,IDPD1904A
Edificio Home Inclusive Independencia,Home Inclusive Independencia,1904-B,IDPD1904B
Edificio Home Inclusive Independencia,Home Inclusive Independencia,1907-A,IDPD1907A
Edificio Home Inclusive Independencia,Home Inclusive Independencia,1916-A,IDPD1916A
Edificio Home Inclusive Independencia,Home Inclusive Independencia,2003-B,IDPD2003B
Edificio Home Inclusive Independencia,Home Inclusive Independencia,2004-B,IDPD2004B
Edificio Home Inclusive Independencia,Home Inclusive Independencia,208-B,IDPD208B
Edificio Home Inclusive Independencia,Home Inclusive Independencia,2109-B,IDPD2109B
Edificio Home Inclusive Independencia,Home Inclusive Independencia,2115-A,IDPD2115A
Edificio Home Inclusive Independencia,Home Inclusive Independencia,2203-B,IDPD2203B
Edificio Home Inclusive Independencia,Home Inclusive Independencia,2204-B,IDPD2204B
Edificio Home Inclusive Independencia,Home Inclusive Independencia,2209-B,IDPD2209B
Edificio Home Inclusive Independencia,Home Inclusive Independencia,2215-A,IDPD2215A
Edificio Home Inclusive Independencia,Home Inclusive Independencia,2218-A,IDPD2218A
Edificio Home Inclusive Independencia,Home Inclusive Independencia,2303-B,IDPD2303B
Edificio Home Inclusive Independencia,Home Inclusive Independencia,2304-B,IDPD2304B
Edificio Home Inclusive Independencia,Home Inclusive Independencia,2309-B,IDPD2309B
Edificio Home Inclusive Independencia,Home Inclusive Independencia,2314-A,IDPD2314A
Edificio Home Inclusive Independencia,Home Inclusive Independencia,2315-A,IDPD2315A
Edificio Home Inclusive Independencia,Home Inclusive Independencia,2401-B,IDPD2401B
Edificio Home Inclusive Independencia,Home Inclusive Independencia,2403-B,IDPD2403B
Edificio Home Inclusive Independencia,Home Inclusive Independencia,2409-B,IDPD2409B
Edificio Home Inclusive Independencia,Home Inclusive Independencia,2418-A,IDPD2418A
Edificio Home Inclusive Independencia,Home Inclusive Independencia,2501-B,IDPD2501B
Edificio Home Inclusive Independencia,Home Inclusive Independencia,2503-B,IDPD2503B
Edificio Home Inclusive Independencia,Home Inclusive Independencia,2509-B,IDPD2509B
Edificio Home Inclusive Independencia,Home Inclusive Independencia,2515-A,IDPD2515A
Edificio Home Inclusive Independencia,Home Inclusive Independencia,2604-B,IDPD2604B
Edificio Home Inclusive Independencia,Home Inclusive Independencia,2609-B,IDPD2609B
Edificio Home Inclusive Independencia,Home Inclusive Independencia,2615-A,IDPD2615A
Edificio Home Inclusive Independencia,Home Inclusive Independencia,2703-B,IDPD2703B
Edificio Home Inclusive Independencia,Home Inclusive Independencia,2704-B,IDPD2704B
Edificio Home Inclusive Independencia,Home Inclusive Independencia,2709-B,IDPD2709B
Edificio Home Inclusive Independencia,Home Inclusive Independencia,2711-A,IDPD2711A
Edificio Home Inclusive Independencia,Home Inclusive Independencia,2714-A,IDPD2714A
Edificio Home Inclusive Independencia,Home Inclusive Independencia,2715-A,IDPD2715A
Edificio Home Inclusive Independencia,Home Inclusive Independencia,2801-B,IDPD2801B
Edificio Home Inclusive Independencia,Home Inclusive Independencia,2803-B,IDPD2803B
Edificio Home Inclusive Independencia,Home Inclusive Independencia,2804-B,IDPD2804B
Edificio Home Inclusive Independencia,Home Inclusive Independencia,2814-A,IDPD2814A
Edificio Home Inclusive Independencia,Home Inclusive Independencia,2815-A,IDPD2815A
Edificio Home Inclusive Independencia,Home Inclusive Independencia,304-B,IDPD304B
Edificio Home Inclusive Independencia,Home Inclusive Independencia,315-A,IDPD315A
Edificio Home Inclusive Independencia,Home Inclusive Independencia,316-A,IDPD316A
Edificio Home Inclusive Independencia,Home Inclusive Independencia,404-B,IDPD404B
Edificio Home Inclusive Independencia,Home Inclusive Independencia,407-A,IDPD407A
Edificio Home Inclusive Independencia,Home Inclusive Independencia,420-B,IDPD420B
Edificio Home Inclusive Independencia,Home Inclusive Independencia,504-B,IDPD504B
Edificio Home Inclusive Independencia,Home Inclusive Independencia,509-A,IDPD509A
Edificio Home Inclusive Independencia,Home Inclusive Independencia,515-A,IDPD515A
Edificio Home Inclusive Independencia,Home Inclusive Independencia,601-B,IDPD601B
Edificio Home Inclusive Independencia,Home Inclusive Independencia,604-B,IDPD604B
Edificio Home Inclusive Independencia,Home Inclusive Independencia,607-A,IDPD607A
Edificio Home Inclusive Independencia,Home Inclusive Independencia,704-A,IDPD704A
Edificio Home Inclusive Independencia,Home Inclusive Independencia,707-A,IDPD707A
Edificio Home Inclusive Independencia,Home Inclusive Independencia,715-A,IDPD715A
Edificio Home Inclusive Independencia,Home Inclusive Independencia,718-A,IDPD718A
Edificio Home Inclusive Independencia,Home Inclusive Independencia,804-A,IDPD804A
Edificio Home Inclusive Independencia,Home Inclusive Independencia,807-A,IDPD807A
Edificio Home Inclusive Independencia,Home Inclusive Independencia,815-A,IDPD815A
Edificio Home Inclusive Independencia,Home Inclusive Independencia,816-A,IDPD816A
Edificio Home Inclusive Independencia,Home Inclusive Independencia,903-B,IDPD903B
Edificio Home Inclusive Independencia,Home Inclusive Independencia,904-A,IDPD904A
Edificio Home Inclusive Independencia,Home Inclusive Independencia,914-A,IDPD914A
Edificio Home Inclusive Independencia,Home Inclusive Independencia,915-A,IDPD915A
Edificio Home Inclusive Independencia,Home Inclusive Independencia,916-A,IDPD916A
Edificio Home Inclusive Independencia,Home Inclusive Independencia,1217-A,IDPD1217A
Edificio Home Inclusive Independencia,Home Inclusive Independencia,1413-A,IDPD1413A
Edificio Home Inclusive Independencia,Home Inclusive Independencia,1518-B,IDPD1518B
Edificio Home Inclusive Independencia,Home Inclusive Independencia,1613-A,IDPD1613A
Edificio Home Inclusive Independencia,Home Inclusive Independencia,1713-A,IDPD1713A
Edificio Home Inclusive Independencia,Home Inclusive Independencia,1717-A,IDPD1717A
Edificio Home Inclusive Independencia,Home Inclusive Independencia,1718-B,IDPD1718B
Edificio Home Inclusive Independencia,Home Inclusive Independencia,1818-B,IDPD1818B
Edificio Home Inclusive Independencia,Home Inclusive Independencia,206-A,IDPD206A
Edificio Home Inclusive Independencia,Home Inclusive Independencia,2105-B,IDPD2105B
Edificio Home Inclusive Independencia,Home Inclusive Independencia,2213-A,IDPD2213A
Edificio Home Inclusive Independencia,Home Inclusive Independencia,2305-B,IDPD2305B
Edificio Home Inclusive Independencia,Home Inclusive Independencia,2313-A,IDPD2313A
Edificio Home Inclusive Independencia,Home Inclusive Independencia,2405-B,IDPD2405B
Edificio Home Inclusive Independencia,Home Inclusive Independencia,2413-A,IDPD2413A
Edificio Home Inclusive Independencia,Home Inclusive Independencia,2417-A,IDPD2417A
Edificio Home Inclusive Independencia,Home Inclusive Independencia,2513-A,IDPD2513A
Edificio Home Inclusive Independencia,Home Inclusive Independencia,2605-B,IDPD2605B
Edificio Home Inclusive Independencia,Home Inclusive Independencia,2613-A,IDPD2613A
Edificio Home Inclusive Independencia,Home Inclusive Independencia,2617-A,IDPD2617A
Edificio Home Inclusive Independencia,Home Inclusive Independencia,2705-B,IDPD2705B
Edificio Home Inclusive Independencia,Home Inclusive Independencia,2713-A,IDPD2713A
Edificio Home Inclusive Independencia,Home Inclusive Independencia,2813-A,IDPD2813A
Edificio Home Inclusive Independencia,Home Inclusive Independencia,405-B,IDPD405B
Edificio Home Inclusive Independencia,Home Inclusive Independencia,415-B,IDPD415B
Edificio Home Inclusive Independencia,Home Inclusive Independencia,417-A,IDPD417A
Edificio Home Inclusive Independencia,Home Inclusive Independencia,,IDPD713A
Edificio Home Inclusive Independencia,Home Inclusive Independencia,913-A,IDPD913A
Edificio Home Inclusive Independencia,Home Inclusive Independencia,1003-A,IDPD1003A
Edificio Home Inclusive Independencia,Home Inclusive Independencia,1108-A,IDPD1108A
Edificio Home Inclusive Independencia,Home Inclusive Independencia,1308-A,IDPD1308A
Edificio Home Inclusive Independencia,Home Inclusive Independencia,1408-A,IDPD1408A
Edificio Home Inclusive Independencia,Home Inclusive Independencia,1908-A,IDPD1908A
Edificio Home Inclusive Independencia,Home Inclusive Independencia,2008-A,IDPD2008A
Edificio Home Inclusive Independencia,Home Inclusive Independencia,2108-A,IDPD2108A
Edificio Home Inclusive Independencia,Home Inclusive Independencia,2203-A,IDPD2203A
Edificio Home Inclusive Independencia,Home Inclusive Independencia,2308-A,IDPD2308A
Edificio Home Inclusive Independencia,Home Inclusive Independencia,2503-A,IDPD2503A
Edificio Home Inclusive Independencia,Home Inclusive Independencia,2508-A,IDPD2508A
Edificio Home Inclusive Independencia,Home Inclusive Independencia,2608-A,IDPD2608A
Edificio Home Inclusive Independencia,Home Inclusive Independencia,2706-B,IDPD2706B
Edificio Home Inclusive Independencia,Home Inclusive Independencia,2708-A,IDPD2708A
Edificio Home Inclusive Independencia,Home Inclusive Independencia,302-B,IDPD302B
Edificio Home Inclusive Independencia,Home Inclusive Independencia,308-A,IDPD308A
Edificio Home Inclusive Independencia,Home Inclusive Independencia,403-A,IDPD403A
Edificio Home Inclusive Independencia,Home Inclusive Independencia,506-B,IDPD506B
Edificio Home Inclusive Independencia,Home Inclusive Independencia,508-A,IDPD508A
Edificio Home Inclusive Independencia,Home Inclusive Independencia,808-A,IDPD808A
Edificio Home Inclusive Independencia,Home Inclusive Independencia,908-A,IDPD908A
Edificio Home Inclusive Carmen,Home Inclusive Carmen,125,CRND125
Edificio Home Inclusive Carmen,Home Inclusive Carmen,127,CRND127
Edificio Home Inclusive Carmen,Home Inclusive Carmen,222,CRND222
Edificio Home Inclusive Carmen,Home Inclusive Carmen,227,CRND227
Edificio Home Inclusive Carmen,Home Inclusive Carmen,508,CRND508
Edificio Home Inclusive Carmen,Home Inclusive Carmen,726,CRND726
Edificio Home Inclusive Carmen,Home Inclusive Carmen,801,CRND801
Edificio Home Inclusive Carmen,Home Inclusive Carmen,822,CRND822
Edificio Home Inclusive Carmen,Home Inclusive Carmen,827,CRND827
Edificio Home Inclusive Carmen,Home Inclusive Carmen,523,CRND523
Edificio Home Inclusive Carmen,Home Inclusive Carmen,212,CRND212
Edificio Stage San Diego,Stage San Diego,210,STGD210
Edificio Stage San Diego,Stage San Diego,402,STGD402
Edificio Stage San Diego,Stage San Diego,610,STGD610
Edificio Stage San Diego,Stage San Diego,618,STGD618
Edificio Stage San Diego,Stage San Diego,702,STGD702
